Commit automático Fri Jan  2 17:04:04 UTC 2026
Commit automático Sat Jan  3 13:24:57 UTC 2026
Commit automático Sun Jan  4 13:25:52 UTC 2026
Commit automático Sun Jan  4 23:44:26 UTC 2026
Commit automático Mon Jan  5 13:36:31 UTC 2026
Commit automático Tue Jan  6 13:33:05 UTC 2026
Commit automático Wed Jan  7 13:35:16 UTC 2026
Commit automático Thu Jan  8 13:36:34 UTC 2026
Commit automático Fri Jan  9 13:33:51 UTC 2026
Commit automático Sat Jan 10 13:25:06 UTC 2026
Commit automático Sun Jan 11 13:25:53 UTC 2026
Commit automático Mon Jan 12 13:37:49 UTC 2026
